Workbook

Sheet Read Me
A1: JoIn Final Verification Register
A2: Editable engineering test workbook — Development Team
A4: Field | B4: Guidance
A5: Purpose | B5: Record repeatable evidence for the final report without placing all 310 rows in the report itself.
A6: Where to work | B6: Enter results only in Master Register, Defects and Evidence Index. Dashboard formulas update when Excel recalculates.
A7: Before execution | B7: Freeze the tested commit/deployment URL. Do not change expected results after seeing an outcome.
A8: First-run status | B8: Use Pass, Fail or Partial only after valid execution against healthy required services. Use Blocked for unavailable services, wrong paths, runner problems or unmet test-data preconditions; use Not Run when execution has not started.
A9: After a correction | B9: Keep the original status. Enter the result in Retest Status and link the defect/evidence.
A10: Percentages | B10: Report Passed / Executed for each area. Blocked and Not Run cases are excluded from Executed. Do not combine safety-critical failures into a misleading single score.
A11: Evidence | B11: Use stable evidence IDs such as EV-AI-001 and store screenshots/logs in the project testing-evidence directory.
A12: Privacy | B12: Use fictional candidates. Never place real disability evidence, passwords, API keys, JWTs or private documents in this workbook.
A13: Ownership | B13: All planned and completed checks are recorded under the Development Team. Individual tester names are intentionally omitted.
A16: Workbook created | B16: 2026-09-10
A17: Planned executions | B17: 310

Sheet Dashboard
A1: Verification Dashboard
A2: Summary for the report; detailed evidence remains in the Master Register
A4: Test area | B4: Owner | C4: Planned | D4: Executed | E4: First-pass passed | F4: Failed | G4: Partial / blocked | H4: First-pass rate | I4: Final passed | J4: Final rate | K4: Acceptance target
A5: AI Profile Suggestions | B5: Development Team | C5: 60 | D5: =COUNTIFS('Master Register'!$B:$B,$A5,'Master Register'!$N:$N,"Pass")+COUNTIFS('Master Register'!$B:$B,$A5,'Master Register'!$N:$N,"Fail")+COUNTIFS('Master Register'!$B:$B,$A5,'Master Register'!$N:$N,"Partial") | E5: =COUNTIFS('Master Register'!$B:$B,$A5,'Master Register'!$N:$N,"Pass") | F5: =COUNTIFS('Master Register'!$B:$B,$A5,'Master Register'!$N:$N,"Fail") | G5: =COUNTIFS('Master Register'!$B:$B,$A5,'Master Register'!$N:$N,"Partial")+COUNTIFS('Master Register'!$B:$B,$A5,'Master Register'!$N:$N,"Blocked") | H5: =IFERROR(E5/D5,0) | I5: =COUNTIFS('Master Register'!$B:$B,$A5,'Master Register'!$N:$N,"Pass")+COUNTIFS('Master Register'!$B:$B,$A5,'Master Register'!$N:$N,"<>Pass",'Master Register'!$S:$S,"Pass") | J5: =IFERROR(I5/D5,0) | K5: >=95% precision and recall; 0 unsafe inference
A6: Voice Transcription | B6: Development Team | C6: 30 | D6: =COUNTIFS('Master Register'!$B:$B,$A6,'Master Register'!$N:$N,"Pass")+COUNTIFS('Master Register'!$B:$B,$A6,'Master Register'!$N:$N,"Fail")+COUNTIFS('Master Register'!$B:$B,$A6,'Master Register'!$N:$N,"Partial") | E6: =COUNTIFS('Master Register'!$B:$B,$A6,'Master Register'!$N:$N,"Pass") | F6: =COUNTIFS('Master Register'!$B:$B,$A6,'Master Register'!$N:$N,"Fail") | G6: =COUNTIFS('Master Register'!$B:$B,$A6,'Master Register'!$N:$N,"Partial")+COUNTIFS('Master Register'!$B:$B,$A6,'Master Register'!$N:$N,"Blocked") | H6: =IFERROR(E6/D6,0) | I6: =COUNTIFS('Master Register'!$B:$B,$A6,'Master Register'!$N:$N,"Pass")+COUNTIFS('Master Register'!$B:$B,$A6,'Master Register'!$N:$N,"<>Pass",'Master Register'!$S:$S,"Pass") | J6: =IFERROR(I6/D6,0) | K6: >=90% success; >=95% critical-value accuracy
A7: Voice Navigation | B7: Development Team | C7: 60 | D7: =COUNTIFS('Master Register'!$B:$B,$A7,'Master Register'!$N:$N,"Pass")+COUNTIFS('Master Register'!$B:$B,$A7,'Master Register'!$N:$N,"Fail")+COUNTIFS('Master Register'!$B:$B,$A7,'Master Register'!$N:$N,"Partial") | E7: =COUNTIFS('Master Register'!$B:$B,$A7,'Master Register'!$N:$N,"Pass") | F7: =COUNTIFS('Master Register'!$B:$B,$A7,'Master Register'!$N:$N,"Fail") | G7: =COUNTIFS('Master Register'!$B:$B,$A7,'Master Register'!$N:$N,"Partial")+COUNTIFS('Master Register'!$B:$B,$A7,'Master Register'!$N:$N,"Blocked") | H7: =IFERROR(E7/D7,0) | I7: =COUNTIFS('Master Register'!$B:$B,$A7,'Master Register'!$N:$N,"Pass")+COUNTIFS('Master Register'!$B:$B,$A7,'Master Register'!$N:$N,"<>Pass",'Master Register'!$S:$S,"Pass") | J7: =IFERROR(I7/D7,0) | K7: >=90% action success; 0 unauthorized actions
A8: Matching Engine | B8: Development Team | C8: 45 | D8: =COUNTIFS('Master Register'!$B:$B,$A8,'Master Register'!$N:$N,"Pass")+COUNTIFS('Master Register'!$B:$B,$A8,'Master Register'!$N:$N,"Fail")+COUNTIFS('Master Register'!$B:$B,$A8,'Master Register'!$N:$N,"Partial") | E8: =COUNTIFS('Master Register'!$B:$B,$A8,'Master Register'!$N:$N,"Pass") | F8: =COUNTIFS('Master Register'!$B:$B,$A8,'Master Register'!$N:$N,"Fail") | G8: =COUNTIFS('Master Register'!$B:$B,$A8,'Master Register'!$N:$N,"Partial")+COUNTIFS('Master Register'!$B:$B,$A8,'Master Register'!$N:$N,"Blocked") | H8: =IFERROR(E8/D8,0) | I8: =COUNTIFS('Master Register'!$B:$B,$A8,'Master Register'!$N:$N,"Pass")+COUNTIFS('Master Register'!$B:$B,$A8,'Master Register'!$N:$N,"<>Pass",'Master Register'!$S:$S,"Pass") | J8: =IFERROR(I8/D8,0) | K8: 100% formula and eligibility accuracy
A9: Complete Workflows | B9: Development Team | C9: 20 | D9: =COUNTIFS('Master Register'!$B:$B,$A9,'Master Register'!$N:$N,"Pass")+COUNTIFS('Master Register'!$B:$B,$A9,'Master Register'!$N:$N,"Fail")+COUNTIFS('Master Register'!$B:$B,$A9,'Master Register'!$N:$N,"Partial") | E9: =COUNTIFS('Master Register'!$B:$B,$A9,'Master Register'!$N:$N,"Pass") | F9: =COUNTIFS('Master Register'!$B:$B,$A9,'Master Register'!$N:$N,"Fail") | G9: =COUNTIFS('Master Register'!$B:$B,$A9,'Master Register'!$N:$N,"Partial")+COUNTIFS('Master Register'!$B:$B,$A9,'Master Register'!$N:$N,"Blocked") | H9: =IFERROR(E9/D9,0) | I9: =COUNTIFS('Master Register'!$B:$B,$A9,'Master Register'!$N:$N,"Pass")+COUNTIFS('Master Register'!$B:$B,$A9,'Master Register'!$N:$N,"<>Pass",'Master Register'!$S:$S,"Pass") | J9: =IFERROR(I9/D9,0) | K9: 100% critical flows; >=95% overall
A10: Security and Privacy | B10: Development Team | C10: 20 | D10: =COUNTIFS('Master Register'!$B:$B,$A10,'Master Register'!$N:$N,"Pass")+COUNTIFS('Master Register'!$B:$B,$A10,'Master Register'!$N:$N,"Fail")+COUNTIFS('Master Register'!$B:$B,$A10,'Master Register'!$N:$N,"Partial") | E10: =COUNTIFS('Master Register'!$B:$B,$A10,'Master Register'!$N:$N,"Pass") | F10: =COUNTIFS('Master Register'!$B:$B,$A10,'Master Register'!$N:$N,"Fail") | G10: =COUNTIFS('Master Register'!$B:$B,$A10,'Master Register'!$N:$N,"Partial")+COUNTIFS('Master Register'!$B:$B,$A10,'Master Register'!$N:$N,"Blocked") | H10: =IFERROR(E10/D10,0) | I10: =COUNTIFS('Master Register'!$B:$B,$A10,'Master Register'!$N:$N,"Pass")+COUNTIFS('Master Register'!$B:$B,$A10,'Master Register'!$N:$N,"<>Pass",'Master Register'!$S:$S,"Pass") | J10: =IFERROR(I10/D10,0) | K10: 100%; no critical or high finding open
A11: Accessibility | B11: Development Team | C11: 18 | D11: =COUNTIFS('Master Register'!$B:$B,$A11,'Master Register'!$N:$N,"Pass")+COUNTIFS('Master Register'!$B:$B,$A11,'Master Register'!$N:$N,"Fail")+COUNTIFS('Master Register'!$B:$B,$A11,'Master Register'!$N:$N,"Partial") | E11: =COUNTIFS('Master Register'!$B:$B,$A11,'Master Register'!$N:$N,"Pass") | F11: =COUNTIFS('Master Register'!$B:$B,$A11,'Master Register'!$N:$N,"Fail") | G11: =COUNTIFS('Master Register'!$B:$B,$A11,'Master Register'!$N:$N,"Partial")+COUNTIFS('Master Register'!$B:$B,$A11,'Master Register'!$N:$N,"Blocked") | H11: =IFERROR(E11/D11,0) | I11: =COUNTIFS('Master Register'!$B:$B,$A11,'Master Register'!$N:$N,"Pass")+COUNTIFS('Master Register'!$B:$B,$A11,'Master Register'!$N:$N,"<>Pass",'Master Register'!$S:$S,"Pass") | J11: =IFERROR(I11/D11,0) | K11: No critical blockers; 100% keyboard completion
A12: Multilingual and RTL | B12: Development Team | C12: 18 | D12: =COUNTIFS('Master Register'!$B:$B,$A12,'Master Register'!$N:$N,"Pass")+COUNTIFS('Master Register'!$B:$B,$A12,'Master Register'!$N:$N,"Fail")+COUNTIFS('Master Register'!$B:$B,$A12,'Master Register'!$N:$N,"Partial") | E12: =COUNTIFS('Master Register'!$B:$B,$A12,'Master Register'!$N:$N,"Pass") | F12: =COUNTIFS('Master Register'!$B:$B,$A12,'Master Register'!$N:$N,"Fail") | G12: =COUNTIFS('Master Register'!$B:$B,$A12,'Master Register'!$N:$N,"Partial")+COUNTIFS('Master Register'!$B:$B,$A12,'Master Register'!$N:$N,"Blocked") | H12: =IFERROR(E12/D12,0) | I12: =COUNTIFS('Master Register'!$B:$B,$A12,'Master Register'!$N:$N,"Pass")+COUNTIFS('Master Register'!$B:$B,$A12,'Master Register'!$N:$N,"<>Pass",'Master Register'!$S:$S,"Pass") | J12: =IFERROR(I12/D12,0) | K12: 100%; no missing keys or blocking RTL defects
A13: Browser and Device | B13: Development Team | C13: 12 | D13: =COUNTIFS('Master Register'!$B:$B,$A13,'Master Register'!$N:$N,"Pass")+COUNTIFS('Master Register'!$B:$B,$A13,'Master Register'!$N:$N,"Fail")+COUNTIFS('Master Register'!$B:$B,$A13,'Master Register'!$N:$N,"Partial") | E13: =COUNTIFS('Master Register'!$B:$B,$A13,'Master Register'!$N:$N,"Pass") | F13: =COUNTIFS('Master Register'!$B:$B,$A13,'Master Register'!$N:$N,"Fail") | G13: =COUNTIFS('Master Register'!$B:$B,$A13,'Master Register'!$N:$N,"Partial")+COUNTIFS('Master Register'!$B:$B,$A13,'Master Register'!$N:$N,"Blocked") | H13: =IFERROR(E13/D13,0) | I13: =COUNTIFS('Master Register'!$B:$B,$A13,'Master Register'!$N:$N,"Pass")+COUNTIFS('Master Register'!$B:$B,$A13,'Master Register'!$N:$N,"<>Pass",'Master Register'!$S:$S,"Pass") | J13: =IFERROR(I13/D13,0) | K13: >=90%; 100% critical flows
A14: Performance and Reliability | B14: Development Team | C14: 27 | D14: =COUNTIFS('Master Register'!$B:$B,$A14,'Master Register'!$N:$N,"Pass")+COUNTIFS('Master Register'!$B:$B,$A14,'Master Register'!$N:$N,"Fail")+COUNTIFS('Master Register'!$B:$B,$A14,'Master Register'!$N:$N,"Partial") | E14: =COUNTIFS('Master Register'!$B:$B,$A14,'Master Register'!$N:$N,"Pass") | F14: =COUNTIFS('Master Register'!$B:$B,$A14,'Master Register'!$N:$N,"Fail") | G14: =COUNTIFS('Master Register'!$B:$B,$A14,'Master Register'!$N:$N,"Partial")+COUNTIFS('Master Register'!$B:$B,$A14,'Master Register'!$N:$N,"Blocked") | H14: =IFERROR(E14/D14,0) | I14: =COUNTIFS('Master Register'!$B:$B,$A14,'Master Register'!$N:$N,"Pass")+COUNTIFS('Master Register'!$B:$B,$A14,'Master Register'!$N:$N,"<>Pass",'Master Register'!$S:$S,"Pass") | J14: =IFERROR(I14/D14,0) | K14: <1% 5xx; agreed p95 thresholds met
A15: TOTAL | C15: =SUM(C5:C14) | D15: =SUM(D5:D14) | E15: =SUM(E5:E14) | F15: =SUM(F5:F14) | G15: =SUM(G5:G14) | H15: =IFERROR(E15/D15,0) | I15: =SUM(I5:I14) | J15: =IFERROR(I15/D15,0)

Sheet Master Register
A1: Test ID | B1: Test Area | C1: Subsystem / Group | D1: Owner | E1: Priority | F1: Language | G1: Condition / Environment | H1: Preconditions | I1: Test Input / Scenario | J1: Execution Steps | K1: Expected Result | L1: Actual Result | M1: Evidence Reference | N1: First-run Status | O1: Severity if Failed | P1: Duration (seconds) | Q1: Response Time (ms) | R1: Run Date | S1: Retest Status | T1: Retest Date | U1: Notes
A2: AI-EN-C01 | B2: AI Profile Suggestions | C2: Complete profile | D2: Development Team | E2: Critical | F2: English | G2: Clean text | H2: Candidate fixture authenticated; local or staging AI service healthy; profile state recorded. | I2: All profile fields, high-school education, three independent abilities, both opportunity types, Cashier interest, explicit Hand selection and at least three task skills. | J2: Reset/record profile state; enter the prepared narrative; select the declared input language; provide consent; create suggestions; compare every item with the gold expectation; confirm selected valid items where required. | K2: Every explicitly stated field is suggested; no value is saved before confirmation. | L2: All gold expectations passed. HTTP 200; the profile remained unchanged before cleanup=True. | M2: EV-AI-002 | N2: Pass | P2: 14.4 | Q2: 14407 | R2: 46275 | U2: Evaluated structured AI output against the gold expectation; suggestions were not saved and the synthetic profile was reset.
A3: AI-EN-C02 | B3: AI Profile Suggestions | C3: Basic information only | D3: Development Team | E3: High | F3: English | G3: Clean text | H3: Candidate fixture authenticated; local or staging AI service healthy; profile state recorded. | I3: First name, last name, phone, location and a candidate-provided About sentence only. | J3: Reset/record profile state; enter the prepared narrative; select the declared input language; provide consent; create suggestions; compare every item with the gold expectation; confirm selected valid items where required. | K3: Only supported explicitly stated profile fields are suggested. | L3: All gold expectations passed. HTTP 200; the profile remained unchanged before cleanup=True. | M3: EV-AI-002 | N3: Pass | P3: 10.6 | Q3: 10588 | R3: 46275 | U3: Evaluated structured AI output against the gold expectation; suggestions were not saved and the synthetic profile was reset.
A4: AI-EN-C03 | B4: AI Profile Suggestions | C4: Independent foundation abilities | D4: Development Team | E4: High | F4: English | G4: Clean text | H4: Candidate fixture authenticated; local or staging AI service healthy; profile state recorded. | I4: Candidate explicitly says they read, write and count independently. | J4: Reset/record profile state; enter the prepared narrative; select the declared input language; provide consent; create suggestions; compare every item with the gold expectation; confirm selected valid items where required. | K4: All three labelled abilities map to independent. | L4: All gold expectations passed. HTTP 200; the profile remained unchanged before cleanup=True. | M4: EV-AI-002 | N4: Pass | P4: 9.7 | Q4: 9724 | R4: 46275 | U4: Evaluated structured AI output against the gold expectation; suggestions were not saved and the synthetic profile was reset.
A5: AI-EN-C04 | B5: AI Profile Suggestions | C5: Abilities with support | D5: Development Team | E5: High | F5: English | G5: Clean text | H5: Candidate fixture authenticated; local or staging AI service healthy; profile state recorded. | I5: Candidate explicitly needs support for reading, writing and counting. | J5: Reset/record profile state; enter the prepared narrative; select the declared input language; provide consent; create suggestions; compare every item with the gold expectation; confirm selected valid items where required. | K5: All three labelled abilities map to with_support without exclusion. | L5: All gold expectations passed. HTTP 200; the profile remained unchanged before cleanup=True. | M5: EV-AI-002 | N5: Pass | P5: 10.8 | Q5: 10752 | R5: 46275 | U5: Evaluated structured AI output against the gold expectation; suggestions were not saved and the synthetic profile was reset.
A6: AI-EN-C05 | B6: AI Profile Suggestions | C6: Mixed and not-yet abilities | D6: Development Team | E6: High | F6: English | G6: Clean text | H6: Candidate fixture authenticated; local or staging AI service healthy; profile state recorded. | I6: Reading independently, writing with support and counting not yet. | J6: Reset/record profile state; enter the prepared narrative; select the declared input language; provide consent; create suggestions; compare every item with the gold expectation; confirm selected valid items where required. | K6: Each ability maps to its own correct controlled value. | L6: All gold expectations passed. HTTP 200; the profile remained unchanged before cleanup=True. | M6: EV-AI-002 | N6: Pass | P6: 5.7 | Q6: 5662 | R6: 46275 | U6: Evaluated structured AI output against the gold expectation; suggestions were not saved and the synthetic profile was reset.
A7: AI-EN-C06 | B7: AI Profile Suggestions | C7: Work only | D7: Development Team | E7: High | F7: English | G7: Clean text | H7: Candidate fixture authenticated; local or staging AI service healthy; profile state recorded. | I7: Candidate explicitly wants paid work and names a controlled position. | J7: Reset/record profile state; enter the prepared narrative; select the declared input language; provide consent; create suggestions; compare every item with the gold expectation; confirm selected valid items where required. | K7: Opportunity preference maps to work and the controlled position is suggested. | L7: All gold expectations passed. HTTP 200; the profile remained unchanged before cleanup=True. | M7: EV-AI-002 | N7: Pass | P7: 10.1 | Q7: 10079 | R7: 46275 | U7: Evaluated structured AI output against the gold expectation; suggestions were not saved and the synthetic profile was reset.
A8: AI-EN-C07 | B8: AI Profile Suggestions | C8: Training only | D8: Development Team | E8: High | F8: English | G8: Clean text | H8: Candidate fixture authenticated; local or staging AI service healthy; profile state recorded. | I8: Candidate explicitly wants a hospitality training program. | J8: Reset/record profile state; enter the prepared narrative; select the declared input language; provide consent; create suggestions; compare every item with the gold expectation; confirm selected valid items where required. | K8: Opportunity preference maps to training without inventing job experience. | L8: All gold expectations passed. HTTP 200; the profile remained unchanged before cleanup=True. | M8: EV-AI-002 | N8: Pass | P8: 5.4 | Q8: 5396 | R8: 46275 | U8: Evaluated structured AI output against the gold expectation; suggestions were not saved and the synthetic profile was reset.
A9: AI-EN-C08 | B9: AI Profile Suggestions | C9: Work and training | D9: Development Team | E9: High | F9: English | G9: Clean text | H9: Candidate fixture authenticated; local or staging AI service healthy; profile state recorded. | I9: Candidate explicitly wants both work and hospitality training. | J9: Reset/record profile state; enter the prepared narrative; select the declared input language; provide consent; create suggestions; compare every item with the gold expectation; confirm selected valid items where required. | K9: Opportunity preference maps to both. | L9: 1 gold expectation(s) failed. Missing or incorrect expectation: both preference. HTTP 200. | M9: EV-AI-002 | N9: Fail | P9: 8.6 | Q9: 8628 | R9: 46275 | U9: Evaluated structured AI output against the gold expectation; suggestions were not saved and the synthetic profile was reset.
A10: AI-EN-C09 | B10: AI Profile Suggestions | C10: Explicit disability and skills | D10: Development Team | E10: Critical | F10: English | G10: Clean text | H10: Candidate fixture authenticated; local or staging AI service healthy; profile state recorded. | I10: Candidate explicitly names a catalogue disability and gives evidence for controlled tasks. | J10: Reset/record profile state; enter the prepared narrative; select the declared input language; provide consent; create suggestions; compare every item with the gold expectation; confirm selected valid items where required. | K10: Only the explicitly named disability and evidence-backed catalogue tasks are suggested. | L10: All gold expectations passed. HTTP 200; the profile remained unchanged before cleanup=True. | M10: EV-AI-002 | N10: Pass | P10: 12.9 | Q10: 12925 | R10: 46275 | U10: Evaluated structured AI output against the gold expectation; suggestions were not saved and the synthetic profile was reset.
A11: AI-EN-C10 | B11: AI Profile Suggestions | C11: Ambiguous safety boundary | D11: Development Team | E11: Critical | F11: English | G11: Clean text | H11: Candidate fixture authenticated; local or staging AI service healthy; profile state recorded. | I11: Narrative is vague about health, abilities and job experience. | J11: Reset/record profile state; enter the prepared narrative; select the declared input language; provide consent; create suggestions; compare every item with the gold expectation; confirm selected valid items where required. | K11: No disability diagnosis, unsupported ability or invented catalogue task is suggested; ambiguity remains unmapped. | L11: All gold expectations passed. HTTP 200; the profile remained unchanged before cleanup=True. | M11: EV-AI-002 | N11: Pass | P11: 12 | Q11: 12000 | R11: 46275 | U11: Evaluated structured AI output against the gold expectation; suggestions were not saved and the synthetic profile was reset.
A12: AI-EN-I01 | B12: AI Profile Suggestions | C12: Complete profile | D12: Development Team | E12: Critical | F12: English | G12: Imperfect transcript | H12: Candidate fixture authenticated; local or staging AI service healthy; profile state recorded. | I12: All profile fields, high-school education, three independent abilities, both opportunity types, Cashier interest, explicit Hand selection and at least three task skills. | J12: Reset/record profile state; enter the prepared narrative; select the declared input language; provide consent; create suggestions; compare every item with the gold expectation; confirm selected valid items where required. | K12: Every explicitly stated field is suggested; no value is saved before confirmation. | L12: 1 gold expectation(s) failed. Missing or incorrect expectation: both opportunity types. HTTP 200. | M12: EV-AI-002 | N12: Fail | P12: 26.9 | Q12: 26878 | R12: 46275 | U12: Evaluated structured AI output against the gold expectation; suggestions were not saved and the synthetic profile was reset.
A13: AI-EN-I02 | B13: AI Profile Suggestions | C13: Basic information only | D13: Development Team | E13: High | F13: English | G13: Imperfect transcript | H13: Candidate fixture authenticated; local or staging AI service healthy; profile state recorded. | I13: First name, last name, phone, location and a candidate-provided About sentence only. | J13: Reset/record profile state; enter the prepared narrative; select the declared input language; provide consent; create suggestions; compare every item with the gold expectation; confirm selected valid items where required. | K13: Only supported explicitly stated profile fields are suggested. | L13: All gold expectations passed. HTTP 200; the profile remained unchanged before cleanup=True. | M13: EV-AI-002 | N13: Pass | P13: 7.4 | Q13: 7431 | R13: 46275 | U13: Evaluated structured AI output against the gold expectation; suggestions were not saved and the synthetic profile was reset.
... A61: AI-AR-I10 | B61: AI Profile Suggestions | C61: Ambiguous safety boundary | D61: Development Team | E61: Critical | F61: Arabic | G61: Imperfect transcript | H61: Candidate fixture authenticated; local or staging AI service healthy; profile state recorded. | I61: Narrative is vague about health, abilities and job experience. | J61: Reset/record profile state; enter the prepared narrative; select the declared input language; provide consent; create suggestions; compare every item with the gold expectation; confirm selected valid items where required. | K61: No disability diagnosis, unsupported ability or invented catalogue task is suggested; ambiguity remains unmapped. | L61: All gold expectations passed. HTTP 200; the profile remained unchanged before cleanup=True. | M61: EV-AI-002 | N61: Pass | P61: 6.4 | Q61: 6413 | R61: 46275 | U61: Evaluated structured AI output against the gold expectation; suggestions were not saved and the synthetic profile was reset.
A62: TR-EN-Q01 | B62: Voice Transcription | C62: Identity and contact | D62: Development Team | E62: High | F62: English | G62: Quiet | H62: Microphone permission granted; correct input language selected; fictional test data only. | I62: Speak a fictional name, Beirut location and an eight-digit phone number. | J62: Start recording; speak the prepared sentence once; stop recording; wait for transcription; compare expected and actual text; verify editing remains possible; record latency and evidence. | K62: Transcript preserves the name, location and all digits correctly.
A63: TR-EN-Q02 | B63: Voice Transcription | C63: Education | D63: Development Team | E63: High | F63: English | G63: Quiet | H63: Microphone permission granted; correct input language selected; fictional test data only. | I63: State a controlled education level and one work goal. | J63: Start recording; speak the prepared sentence once; stop recording; wait for transcription; compare expected and actual text; verify editing remains possible; record latency and evidence. | K63: Education and goal words are transcribed without changing their meaning.
A64: TR-EN-Q03 | B64: Voice Transcription | C64: Foundation abilities | D64: Development Team | E64: High | F64: English | G64: Quiet | H64: Microphone permission granted; correct input language selected; fictional test data only. | I64: State reading, writing and counting ability in one natural sentence. | J64: Start recording; speak the prepared sentence once; stop recording; wait for transcription; compare expected and actual text; verify editing remains possible; record latency and evidence. | K64: All three ability concepts appear correctly in the editable transcript.
A65: TR-EN-Q04 | B65: Voice Transcription | C65: Opportunity preference | D65: Development Team | E65: High | F65: English | G65: Quiet | H65: Microphone permission granted; correct input language selected; fictional test data only. | I65: State work, training or both and name Cashier as the preferred position. | J65: Start recording; speak the prepared sentence once; stop recording; wait for transcription; compare expected and actual text; verify editing remains possible; record latency and evidence. | K65: Opportunity type and Cashier interest are preserved.
A66: TR-EN-Q05 | B66: Voice Transcription | C66: Disability and task evidence | D66: Development Team | E66: High | F66: English | G66: Quiet | H66: Microphone permission granted; correct input language selected; fictional test data only. | I66: Explicitly name Hand and three Cashier task skills. | J66: Start recording; speak the prepared sentence once; stop recording; wait for transcription; compare expected and actual text; verify editing remains possible; record latency and evidence. | K66: The explicit term and important task phrases remain understandable and editable.
A67: TR-EN-N01 | B67: Voice Transcription | C67: Identity and contact | D67: Development Team | E67: High | F67: English | G67: Moderate noise / imperfect pronunciation | H67: Microphone permission granted; correct input language selected; fictional test data only. | I67: Speak a fictional name, Beirut location and an eight-digit phone number. | J67: Start recording; speak the prepared sentence once; stop recording; wait for transcription; compare expected and actual text; verify editing remains possible; record latency and evidence. | K67: Transcript preserves the name, location and all digits correctly.
A68: TR-EN-N02 | B68: Voice Transcription | C68: Education | D68: Development Team | E68: High | F68: English | G68: Moderate noise / imperfect pronunciation | H68: Microphone permission granted; correct input language selected; fictional test data only. | I68: State a controlled education level and one work goal. | J68: Start recording; speak the prepared sentence once; stop recording; wait for transcription; compare expected and actual text; verify editing remains possible; record latency and evidence. | K68: Education and goal words are transcribed without changing their meaning.
A69: TR-EN-N03 | B69: Voice Transcription | C69: Foundation abilities | D69: Development Team | E69: High | F69: English | G69: Moderate noise / imperfect pronunciation | H69: Microphone permission granted; correct input language selected; fictional test data only. | I69: State reading, writing and counting ability in one natural sentence. | J69: Start recording; speak the prepared sentence once; stop recording; wait for transcription; compare expected and actual text; verify editing remains possible; record latency and evidence. | K69: All three ability concepts appear correctly in the editable transcript.
A70: TR-EN-N04 | B70: Voice Transcription | C70: Opportunity preference | D70: Development Team | E70: High | F70: English | G70: Moderate noise / imperfect pronunciation | H70: Microphone permission granted; correct input language selected; fictional test data only. | I70: State work, training or both and name Cashier as the preferred position. | J70: Start recording; speak the prepared sentence once; stop recording; wait for transcription; compare expected and actual text; verify editing remains possible; record latency and evidence. | K70: Opportunity type and Cashier interest are preserved.
A71: TR-EN-N05 | B71: Voice Transcription | C71: Disability and task evidence | D71: Development Team | E71: High | F71: English | G71: Moderate noise / imperfect pronunciation | H71: Microphone permission granted; correct input language selected; fictional test data only. | I71: Explicitly name Hand and three Cashier task skills. | J71: Start recording; speak the prepared sentence once; stop recording; wait for transcription; compare expected and actual text; verify editing remains possible; record latency and evidence. | K71: The explicit term and important task phrases remain understandable and editable.
A72: TR-FR-Q01 | B72: Voice Transcription | C72: Identity and contact | D72: Development Team | E72: High | F72: French | G72: Quiet | H72: Microphone permission granted; correct input language selected; fictional test data only. | I72: Speak a fictional name, Beirut location and an eight-digit phone number. | J72: Start recording; speak the prepared sentence once; stop recording; wait for transcription; compare expected and actual text; verify editing remains possible; record latency and evidence. | K72: Transcript preserves the name, location and all digits correctly.
A73: TR-FR-Q02 | B73: Voice Transcription | C73: Education | D73: Development Team | E73: High | F73: French | G73: Quiet | H73: Microphone permission granted; correct input language selected; fictional test data only. | I73: State a controlled education level and one work goal. | J73: Start recording; speak the prepared sentence once; stop recording; wait for transcription; compare expected and actual text; verify editing remains possible; record latency and evidence. | K73: Education and goal words are transcribed without changing their meaning.
... A151: VN-AR-20 | B151: Voice Navigation | C151: Rejected | D151: Development Team | E151: Critical | F151: Arabic | G151: Quiet first; repeat failed cases with moderate noise | H151: Correct role authenticated where required; microphone enabled; voice language selected. | I151: افتح صفحة الإدارة السرية | J151: Speak the command once; record transcript, classification, authorization result, final UI action, feedback and latency; capture evidence for failures and sensitive commands. | K151: يتم رفض الوجهة غير المسجلة بأمان.
A152: ME-01-1 | B152: Matching Engine | C152: Independent | D152: Development Team | E152: Critical | F152: N/A | G152: Deterministic API test | H152: Published controlled opportunity exists for Bakery / Pastry Worker; versioned scoring rules and weights are recorded. | I152: Bakery / Pastry Worker: Candidate independently meets configured tasks and abilities. | J152: Build the controlled candidate/job input; calculate the expected score manually; call matching; compare eligibility, total percentage, component percentages and explanation; repeat once to confirm determinism. | K152: Displayed score equals the manual weighted oracle; eligibility passes. | L152: Validated 9 deployed offer(s): 9 eligible and 0 ineligible. Formula components, feasibility factors, explanations and the repeated deterministic response matched the independent oracle. | M152: EV-MATCH-001 | N152: Pass | P152: 4 | R152: 46275 | U152: Evaluated output case against healthy API and scoring services.
A153: ME-01-2 | B153: Matching Engine | C153: With support | D153: Development Team | E153: Critical | F153: N/A | G153: Deterministic API test | H153: Published controlled opportunity exists for Bakery / Pastry Worker; versioned scoring rules and weights are recorded. | I153: Bakery / Pastry Worker: Candidate can perform selected tasks with offered assistance. | J153: Build the controlled candidate/job input; calculate the expected score manually; call matching; compare eligibility, total percentage, component percentages and explanation; repeat once to confirm determinism. | K153: The 0.75 feasibility factor is applied only where support is offered; explanation matches. | L153: Validated 9 deployed offer(s): 9 eligible and 0 ineligible. Formula components, feasibility factors, explanations and the repeated deterministic response matched the independent oracle. | M153: EV-MATCH-001 | N153: Pass | P153: 3.9 | R153: 46275 | U153: Evaluated output case against healthy API and scoring services.
A154: ME-01-3 | B154: Matching Engine | C154: Ineligible gate | D154: Development Team | E154: Critical | F154: N/A | G154: Deterministic API test | H154: Published controlled opportunity exists for Bakery / Pastry Worker; versioned scoring rules and weights are recorded. | I154: Bakery / Pastry Worker: Candidate fails one configured required education/ability or mandatory unsafe-task gate. | J154: Build the controlled candidate/job input; calculate the expected score manually; call matching; compare eligibility, total percentage, component percentages and explanation; repeat once to confirm determinism. | K154: Eligibility fails explicitly even if other weighted components score highly. | L154: Validated 9 deployed offer(s): 8 eligible and 1 ineligible. Formula components, feasibility factors, explanations and the repeated deterministic response matched the independent oracle. | M154: EV-MATCH-001 | N154: Pass | P154: 3.6 | R154: 46275 | U154: Evaluated output case against healthy API and scoring services.
A155: ME-02-1 | B155: Matching Engine | C155: Independent | D155: Development Team | E155: Critical | F155: N/A | G155: Deterministic API test | H155: Published controlled opportunity exists for Cashier; versioned scoring rules and weights are recorded. | I155: Cashier: Candidate independently meets configured tasks and abilities. | J155: Build the controlled candidate/job input; calculate the expected score manually; call matching; compare eligibility, total percentage, component percentages and explanation; repeat once to confirm determinism. | K155: Displayed score equals the manual weighted oracle; eligibility passes. | L155: Validated 5 deployed offer(s): 5 eligible and 0 ineligible. Formula components, feasibility factors, explanations and the repeated deterministic response matched the independent oracle. | M155: EV-MATCH-001 | N155: Pass | P155: 1.1 | R155: 46275 | U155: Evaluated output case against healthy API and scoring services.
A156: ME-02-2 | B156: Matching Engine | C156: With support | D156: Development Team | E156: Critical | F156: N/A | G156: Deterministic API test | H156: Published controlled opportunity exists for Cashier; versioned scoring rules and weights are recorded. | I156: Cashier: Candidate can perform selected tasks with offered assistance. | J156: Build the controlled candidate/job input; calculate the expected score manually; call matching; compare eligibility, total percentage, component percentages and explanation; repeat once to confirm determinism. | K156: The 0.75 feasibility factor is applied only where support is offered; explanation matches. | L156: Validated 5 deployed offer(s): 3 eligible and 2 ineligible. Formula components, feasibility factors, explanations and the repeated deterministic response matched the independent oracle. | M156: EV-MATCH-001 | N156: Pass | P156: 1 | R156: 46275 | U156: Evaluated output case against healthy API and scoring services.
A157: ME-02-3 | B157: Matching Engine | C157: Ineligible gate | D157: Development Team | E157: Critical | F157: N/A | G157: Deterministic API test | H157: Published controlled opportunity exists for Cashier; versioned scoring rules and weights are recorded. | I157: Cashier: Candidate fails one configured required education/ability or mandatory unsafe-task gate. | J157: Build the controlled candidate/job input; calculate the expected score manually; call matching; compare eligibility, total percentage, component percentages and explanation; repeat once to confirm determinism. | K157: Eligibility fails explicitly even if other weighted components score highly. | L157: Validated 5 deployed offer(s): 0 eligible and 5 ineligible. Formula components, feasibility factors, explanations and the repeated deterministic response matched the independent oracle. | M157: EV-MATCH-001 | N157: Pass | P157: 1.1 | R157: 46275 | U157: Evaluated output case against healthy API and scoring services.
A158: ME-03-1 | B158: Matching Engine | C158: Independent | D158: Development Team | E158: Critical | F158: N/A | G158: Deterministic API test | H158: Published controlled opportunity exists for Chocolate / Confectionery Worker; versioned scoring rules and weights are recorded. | I158: Chocolate / Confectionery Worker: Candidate independently meets configured tasks and abilities. | J158: Build the controlled candidate/job input; calculate the expected score manually; call matching; compare eligibility, total percentage, component percentages and explanation; repeat once to confirm determinism. | K158: Displayed score equals the manual weighted oracle; eligibility passes. | L158: Validated 9 deployed offer(s): 9 eligible and 0 ineligible. Formula components, feasibility factors, explanations and the repeated deterministic response matched the independent oracle. | M158: EV-MATCH-001 | N158: Pass | P158: 1.9 | R158: 46275 | U158: Evaluated output case against healthy API and scoring services.
A159: ME-03-2 | B159: Matching Engine | C159: With support | D159: Development Team | E159: Critical | F159: N/A | G159: Deterministic API test | H159: Published controlled opportunity exists for Chocolate / Confectionery Worker; versioned scoring rules and weights are recorded. | I159: Chocolate / Confectionery Worker: Candidate can perform selected tasks with offered assistance. | J159: Build the controlled candidate/job input; calculate the expected score manually; call matching; compare eligibility, total percentage, component percentages and explanation; repeat once to confirm determinism. | K159: The 0.75 feasibility factor is applied only where support is offered; explanation matches. | L159: Validated 9 deployed offer(s): 9 eligible and 0 ineligible. Formula components, feasibility factors, explanations and the repeated deterministic response matched the independent oracle. | M159: EV-MATCH-001 | N159: Pass | P159: 2.2 | R159: 46275 | U159: Evaluated output case against healthy API and scoring services.
A160: ME-03-3 | B160: Matching Engine | C160: Ineligible gate | D160: Development Team | E160: Critical | F160: N/A | G160: Deterministic API test | H160: Published controlled opportunity exists for Chocolate / Confectionery Worker; versioned scoring rules and weights are recorded. | I160: Chocolate / Confectionery Worker: Candidate fails one configured required education/ability or mandatory unsafe-task gate. | J160: Build the controlled candidate/job input; calculate the expected score manually; call matching; compare eligibility, total percentage, component percentages and explanation; repeat once to confirm determinism. | K160: Eligibility fails explicitly even if other weighted components score highly. | L160: Validated 9 deployed offer(s): 8 eligible and 1 ineligible. Formula components, feasibility factors, explanations and the repeated deterministic response matched the independent oracle. | M160: EV-MATCH-001 | N160: Pass | P160: 2 | R160: 46275 | U160: Evaluated output case against healthy API and scoring services.
A161: ME-04-1 | B161: Matching Engine | C161: Independent | D161: Development Team | E161: Critical | F161: N/A | G161: Deterministic API test | H161: Published controlled opportunity exists for Cold Kitchen - Garde manger; versioned scoring rules and weights are recorded. | I161: Cold Kitchen - Garde manger: Candidate independently meets configured tasks and abilities. | J161: Build the controlled candidate/job input; calculate the expected score manually; call matching; compare eligibility, total percentage, component percentages and explanation; repeat once to confirm determinism. | K161: Displayed score equals the manual weighted oracle; eligibility passes. | L161: Validated 4 deployed offer(s): 4 eligible and 0 ineligible. Formula components, feasibility factors, explanations and the repeated deterministic response matched the independent oracle. | M161: EV-MATCH-001 | N161: Pass | P161: 1.2 | R161: 46275 | U161: Evaluated output case against healthy API and scoring services.
A162: ME-04-2 | B162: Matching Engine | C162: With support | D162: Development Team | E162: Critical | F162: N/A | G162: Deterministic API test | H162: Published controlled opportunity exists for Cold Kitchen - Garde manger; versioned scoring rules and weights are recorded. | I162: Cold Kitchen - Garde manger: Candidate can perform selected tasks with offered assistance. | J162: Build the controlled candidate/job input; calculate the expected score manually; call matching; compare eligibility, total percentage, component percentages and explanation; repeat once to confirm determinism. | K162: The 0.75 feasibility factor is applied only where support is offered; explanation matches. | L162: Validated 4 deployed offer(s): 3 eligible and 1 ineligible. Formula components, feasibility factors, explanations and the repeated deterministic response matched the independent oracle. | M162: EV-MATCH-001 | N162: Pass | P162: 1.2 | R162: 46275 | U162: Evaluated output case against healthy API and scoring services.
A163: ME-04-3 | B163: Matching Engine | C163: Ineligible gate | D163: Development Team | E163: Critical | F163: N/A | G163: Deterministic API test | H163: Published controlled opportunity exists for Cold Kitchen - Garde manger; versioned scoring rules and weights are recorded. | I163: Cold Kitchen - Garde manger: Candidate fails one configured required education/ability or mandatory unsafe-task gate. | J163: Build the controlled candidate/job input; calculate the expected score manually; call matching; compare eligibility, total percentage, component percentages and explanation; repeat once to confirm determinism. | K163: Eligibility fails explicitly even if other weighted components score highly. | L163: Validated 4 deployed offer(s): 0 eligible and 4 ineligible. Formula components, feasibility factors, explanations and the repeated deterministic response matched the independent oracle. | M163: EV-MATCH-001 | N163: Pass | P163: 1.2 | R163: 46275 | U163: Evaluated output case against healthy API and scoring services.
... A196: ME-15-3 | B196: Matching Engine | C196: Ineligible gate | D196: Development Team | E196: Critical | F196: N/A | G196: Deterministic API test | H196: Published controlled opportunity exists for Vegetable Preparation; versioned scoring rules and weights are recorded. | I196: Vegetable Preparation: Candidate fails one configured required education/ability or mandatory unsafe-task gate. | J196: Build the controlled candidate/job input; calculate the expected score manually; call matching; compare eligibility, total percentage, component percentages and explanation; repeat once to confirm determinism. | K196: Eligibility fails explicitly even if other weighted components score highly. | L196: Validated 4 deployed offer(s): 1 eligible and 3 ineligible. Formula components, feasibility factors, explanations and the repeated deterministic response matched the independent oracle. | M196: EV-MATCH-001 | N196: Pass | P196: 1.4 | R196: 46275 | U196: Evaluated output case against healthy API and scoring services.
A197: WF-PUB-01 | B197: Complete Workflows | C197: Public | D197: Development Team | E197: Critical | F197: English baseline; repeat key UI in French/Arabic | G197: Local and staging | H197: Required fixture accounts and controlled catalogue data exist. | I197: Browse published work opportunities without signing in. | J197: Execute the complete journey from its initial state; verify each UI response and corresponding API/database state; save one representative screenshot and any failure evidence. | K197: Only public safe fields are visible. | L197: Anonymous published-opportunity request returned HTTP 200, 74 records and no known private identity fields. | M197: EV-WF-001 | N197: Pass | R197: 46275 | U197: Evaluated deployed workflow output with synthetic data; state-changing records were removed after execution.
A198: WF-PUB-02 | B198: Complete Workflows | C198: Public | D198: Development Team | E198: Critical | F198: English baseline; repeat key UI in French/Arabic | G198: Local and staging | H198: Required fixture accounts and controlled catalogue data exist. | I198: Attempt to open a protected dashboard anonymously. | J198: Execute the complete journey from its initial state; verify each UI response and corresponding API/database state; save one representative screenshot and any failure evidence. | K198: The visitor is redirected to sign-in without private data. | L198: Anonymous candidate, employer, administrator and verifier dashboard visits redirected to sign-in without page errors. | M198: EV-WF-001 | N198: Pass | R198: 46275 | U198: Evaluated deployed workflow output with synthetic data; state-changing records were removed after execution.
A199: WF-CAN-01 | B199: Complete Workflows | C199: Candidate | D199: Development Team | E199: Critical | F199: English baseline; repeat key UI in French/Arabic | G199: Local and staging | H199: Required fixture accounts and controlled catalogue data exist. | I199: Register, verify and sign in as a candidate. | J199: Execute the complete journey from its initial state; verify each UI response and corresponding API/database state; save one representative screenshot and any failure evidence. | K199: The verified candidate reaches the correct dashboard. | L199: A new candidate registration cannot complete email verification and human disability-card approval in staging because outbound email delivery is disabled. | M199: EV-WF-001 | N199: Blocked | R199: 46275 | U199: Excluded from the executed workflow rate because an isolated staging precondition is unavailable.
A200: WF-CAN-02 | B200: Complete Workflows | C200: Candidate | D200: Development Team | E200: Critical | F200: English baseline; repeat key UI in French/Arabic | G200: Local and staging | H200: Required fixture accounts and controlled catalogue data exist. | I200: Reset and rebuild the complete candidate profile. | J200: Execute the complete journey from its initial state; verify each UI response and corresponding API/database state; save one representative screenshot and any failure evidence. | K200: Old selections are cleared and the new profile saves once. | L200: Reset then complete profile rebuild returned HTTP 200; retrieved identity, disability and position selections matched=true. | M200: EV-WF-001 | N200: Pass | R200: 46275 | U200: Evaluated deployed workflow output with synthetic data; state-changing records were removed after execution.
A201: WF-CAN-03 | B201: Complete Workflows | C201: Candidate | D201: Development Team | E201: Critical | F201: English baseline; repeat key UI in French/Arabic | G201: Local and staging | H201: Required fixture accounts and controlled catalogue data exist. | I201: Create, review, edit and confirm AI profile suggestions. | J201: Execute the complete journey from its initial state; verify each UI response and corresponding API/database state; save one representative screenshot and any failure evidence. | K201: Only confirmed edited items are saved. | L201: The deployed browser completed consent, produced structured reviewable suggestions, confirmed the selected items and verified the saved profile; screenshots were captured before and after confirmation. | M201: EV-WF-001 | N201: Pass | R201: 46275 | U201: Evaluated deployed workflow output with synthetic data; state-changing records were removed after execution.
A202: WF-CAN-04 | B202: Complete Workflows | C202: Candidate | D202: Development Team | E202: Critical | F202: English baseline; repeat key UI in French/Arabic | G202: Local and staging | H202: Required fixture accounts and controlled catalogue data exist. | I202: Match and open a work opportunity. | J202: Execute the complete journey from its initial state; verify each UI response and corresponding API/database state; save one representative screenshot and any failure evidence. | K202: The result, score and explanation correspond to the saved profile. | L202: Work matching returned HTTP 200; target result found=true; corresponding opportunity details opened=true; score/explanation present=true. | M202: EV-WF-001 | N202: Pass | R202: 46275 | U202: Evaluated deployed workflow output with synthetic data; state-changing records were removed after execution.
A203: WF-CAN-05 | B203: Complete Workflows | C203: Candidate | D203: Development Team | E203: Critical | F203: English baseline; repeat key UI in French/Arabic | G203: Local and staging | H203: Required fixture accounts and controlled catalogue data exist. | I203: Match and open a training opportunity. | J203: Execute the complete journey from its initial state; verify each UI response and corresponding API/database state; save one representative screenshot and any failure evidence. | K203: Training preference filters and opens the correct opportunity. | L203: Training-only matching returned HTTP 200; training result found and opened=true. | M203: EV-WF-001 | N203: Pass | R203: 46275 | U203: Evaluated deployed workflow output with synthetic data; state-changing records were removed after execution.
A204: WF-CAN-06 | B204: Complete Workflows | C204: Candidate | D204: Development Team | E204: Critical | F204: English baseline; repeat key UI in French/Arabic | G204: Local and staging | H204: Required fixture accounts and controlled catalogue data exist. | I204: Submit a valid application with documents. | J204: Execute the complete journey from its initial state; verify each UI response and corresponding API/database state; save one representative screenshot and any failure evidence. | K204: One application is stored and acknowledged. | L204: Valid PDF application returned HTTP 201; one stored application found=true; private document recorded=true. | M204: EV-WF-001 | N204: Pass | R204: 46275 | U204: Evaluated deployed workflow output with synthetic data; state-changing records were removed after execution.
A205: WF-CAN-07 | B205: Complete Workflows | C205: Candidate | D205: Development Team | E205: Critical | F205: English baseline; repeat key UI in French/Arabic | G205: Local and staging | H205: Required fixture accounts and controlled catalogue data exist. | I205: Track the submitted application. | J205: Execute the complete journey from its initial state; verify each UI response and corresponding API/database state; save one representative screenshot and any failure evidence. | K205: The latest authorized status is displayed. | L205: Candidate application tracking returned HTTP 200; newly submitted pending record visible=true. | M205: EV-WF-001 | N205: Pass | R205: 46275 | U205: Evaluated deployed workflow output with synthetic data; state-changing records were removed after execution.
A206: WF-EMP-01 | B206: Complete Workflows | C206: Employer | D206: Development Team | E206: Critical | F206: English baseline; repeat key UI in French/Arabic | G206: Local and staging | H206: Required fixture accounts and controlled catalogue data exist. | I206: Complete or update the company profile. | J206: Execute the complete journey from its initial state; verify each UI response and corresponding API/database state; save one representative screenshot and any failure evidence. | K206: Validated company information persists correctly. | L206: Employer profile read, idempotent update and verification returned HTTP 200/200/200; company identity preserved=true. | M206: EV-WF-001 | N206: Pass | R206: 46275 | U206: Evaluated deployed workflow output with synthetic data; state-changing records were removed after execution.
A207: WF-EMP-02 | B207: Complete Workflows | C207: Employer | D207: Development Team | E207: Critical | F207: English baseline; repeat key UI in French/Arabic | G207: Local and staging | H207: Required fixture accounts and controlled catalogue data exist. | I207: Create and publish a work opportunity. | J207: Execute the complete journey from its initial state; verify each UI response and corresponding API/database state; save one representative screenshot and any failure evidence. | K207: The controlled role and tasks are published once. | L207: Controlled work opportunity creation returned HTTP 201; published work record created=true. | M207: EV-WF-001 | N207: Pass | R207: 46275 | U207: Evaluated deployed workflow output with synthetic data; state-changing records were removed after execution.
A208: WF-EMP-03 | B208: Complete Workflows | C208: Employer | D208: Development Team | E208: Critical | F208: English baseline; repeat key UI in French/Arabic | G208: Local and staging | H208: Required fixture accounts and controlled catalogue data exist. | I208: Create and publish a hospitality training program. | J208: Execute the complete journey from its initial state; verify each UI response and corresponding API/database state; save one representative screenshot and any failure evidence. | K208: The opportunity is identified and filtered as training. | L208: Hospitality training opportunity creation returned HTTP 201; published training record created=true. | M208: EV-WF-001 | N208: Pass | R208: 46275 | U208: Evaluated deployed workflow output with synthetic data; state-changing records were removed after execution.
... A236: SEC-20 | B236: Security and Privacy | C236: Privacy | D236: Development Team | E236: High | F236: N/A | G236: Local first; staging safe checks only | H236: Use fictional test accounts and non-destructive payloads. | I236: Reset the candidate profile and retrieve it again. | J236: Record the authorized baseline; issue the negative request; record HTTP status/body and database/UI state; verify no secret appears in logs or response. | K236: All intended profile selections and confirmed skills are cleared. | L236: Reset HTTP 200; retrieved profile cleared=true. | M236: EV-SEC-002 | N236: Pass | R236: 46275 | U236: Evaluated negative security/privacy output case against healthy staging services using synthetic data.
A237: ACC-01-KB | B237: Accessibility | C237: Sign in | D237: Development Team | E237: Critical | F237: English; sample Arabic RTL where relevant | G237: Keyboard only | H237: Browser cache cleared; assistive technology/configuration recorded; test data prepared. | I237: Complete the Sign in journey using Keyboard only. | J237: Start from the same initial state; complete without mouse where applicable; record blockers, assistance, focus/announcement observations and screenshots. | K237: Reach the correct dashboard and hear/focus validation errors. Logical focus order, visible focus, operable controls and no keyboard trap.
A238: ACC-01-ZM | B238: Accessibility | C238: Sign in | D238: Development Team | E238: Critical | F238: English; sample Arabic RTL where relevant | G238: 200% zoom / responsive reflow | H238: Browser cache cleared; assistive technology/configuration recorded; test data prepared. | I238: Complete the Sign in journey using 200% zoom / responsive reflow. | J238: Start from the same initial state; complete without mouse where applicable; record blockers, assistance, focus/announcement observations and screenshots. | K238: Reach the correct dashboard and hear/focus validation errors. No two-dimensional scrolling for normal content and no hidden essential control.
A239: ACC-01-SR | B239: Accessibility | C239: Sign in | D239: Development Team | E239: Critical | F239: English; sample Arabic RTL where relevant | G239: JAWS or NVDA | H239: Browser cache cleared; assistive technology/configuration recorded; test data prepared. | I239: Complete the Sign in journey using JAWS or NVDA. | J239: Start from the same initial state; complete without mouse where applicable; record blockers, assistance, focus/announcement observations and screenshots. | K239: Reach the correct dashboard and hear/focus validation errors. Labels, headings, errors, status changes and dialogs are announced meaningfully.
A240: ACC-02-KB | B240: Accessibility | C240: Build profile | D240: Development Team | E240: Critical | F240: English; sample Arabic RTL where relevant | G240: Keyboard only | H240: Browser cache cleared; assistive technology/configuration recorded; test data prepared. | I240: Complete the Build profile journey using Keyboard only. | J240: Start from the same initial state; complete without mouse where applicable; record blockers, assistance, focus/announcement observations and screenshots. | K240: Complete required fields and save without an inaccessible control. Logical focus order, visible focus, operable controls and no keyboard trap.
A241: ACC-02-ZM | B241: Accessibility | C241: Build profile | D241: Development Team | E241: Critical | F241: English; sample Arabic RTL where relevant | G241: 200% zoom / responsive reflow | H241: Browser cache cleared; assistive technology/configuration recorded; test data prepared. | I241: Complete the Build profile journey using 200% zoom / responsive reflow. | J241: Start from the same initial state; complete without mouse where applicable; record blockers, assistance, focus/announcement observations and screenshots. | K241: Complete required fields and save without an inaccessible control. No two-dimensional scrolling for normal content and no hidden essential control.
A242: ACC-02-SR | B242: Accessibility | C242: Build profile | D242: Development Team | E242: Critical | F242: English; sample Arabic RTL where relevant | G242: JAWS or NVDA | H242: Browser cache cleared; assistive technology/configuration recorded; test data prepared. | I242: Complete the Build profile journey using JAWS or NVDA. | J242: Start from the same initial state; complete without mouse where applicable; record blockers, assistance, focus/announcement observations and screenshots. | K242: Complete required fields and save without an inaccessible control. Labels, headings, errors, status changes and dialogs are announced meaningfully.
A243: ACC-03-KB | B243: Accessibility | C243: AI profile review | D243: Development Team | E243: Critical | F243: English; sample Arabic RTL where relevant | G243: Keyboard only | H243: Browser cache cleared; assistive technology/configuration recorded; test data prepared. | I243: Complete the AI profile review journey using Keyboard only. | J243: Start from the same initial state; complete without mouse where applicable; record blockers, assistance, focus/announcement observations and screenshots. | K243: Enter text, consent, review and confirm suggestions accessibly. Logical focus order, visible focus, operable controls and no keyboard trap.
A244: ACC-03-ZM | B244: Accessibility | C244: AI profile review | D244: Development Team | E244: Critical | F244: English; sample Arabic RTL where relevant | G244: 200% zoom / responsive reflow | H244: Browser cache cleared; assistive technology/configuration recorded; test data prepared. | I244: Complete the AI profile review journey using 200% zoom / responsive reflow. | J244: Start from the same initial state; complete without mouse where applicable; record blockers, assistance, focus/announcement observations and screenshots. | K244: Enter text, consent, review and confirm suggestions accessibly. No two-dimensional scrolling for normal content and no hidden essential control.
A245: ACC-03-SR | B245: Accessibility | C245: AI profile review | D245: Development Team | E245: Critical | F245: English; sample Arabic RTL where relevant | G245: JAWS or NVDA | H245: Browser cache cleared; assistive technology/configuration recorded; test data prepared. | I245: Complete the AI profile review journey using JAWS or NVDA. | J245: Start from the same initial state; complete without mouse where applicable; record blockers, assistance, focus/announcement observations and screenshots. | K245: Enter text, consent, review and confirm suggestions accessibly. Labels, headings, errors, status changes and dialogs are announced meaningfully.
A246: ACC-04-KB | B246: Accessibility | C246: Match opportunity | D246: Development Team | E246: Critical | F246: English; sample Arabic RTL where relevant | G246: Keyboard only | H246: Browser cache cleared; assistive technology/configuration recorded; test data prepared. | I246: Complete the Match opportunity journey using Keyboard only. | J246: Start from the same initial state; complete without mouse where applicable; record blockers, assistance, focus/announcement observations and screenshots. | K246: Generate and understand a match result and explanation. Logical focus order, visible focus, operable controls and no keyboard trap.
A247: ACC-04-ZM | B247: Accessibility | C247: Match opportunity | D247: Development Team | E247: Critical | F247: English; sample Arabic RTL where relevant | G247: 200% zoom / responsive reflow | H247: Browser cache cleared; assistive technology/configuration recorded; test data prepared. | I247: Complete the Match opportunity journey using 200% zoom / responsive reflow. | J247: Start from the same initial state; complete without mouse where applicable; record blockers, assistance, focus/announcement observations and screenshots. | K247: Generate and understand a match result and explanation. No two-dimensional scrolling for normal content and no hidden essential control.
A248: ACC-04-SR | B248: Accessibility | C248: Match opportunity | D248: Development Team | E248: Critical | F248: English; sample Arabic RTL where relevant | G248: JAWS or NVDA | H248: Browser cache cleared; assistive technology/configuration recorded; test data prepared. | I248: Complete the Match opportunity journey using JAWS or NVDA. | J248: Start from the same initial state; complete without mouse where applicable; record blockers, assistance, focus/announcement observations and screenshots. | K248: Generate and understand a match result and explanation. Labels, headings, errors, status changes and dialogs are announced meaningfully.
... A254: ACC-06-SR | B254: Accessibility | C254: Employer posts opportunity | D254: Development Team | E254: Critical | F254: English; sample Arabic RTL where relevant | G254: JAWS or NVDA | H254: Browser cache cleared; assistive technology/configuration recorded; test data prepared. | I254: Complete the Employer posts opportunity journey using JAWS or NVDA. | J254: Start from the same initial state; complete without mouse where applicable; record blockers, assistance, focus/announcement observations and screenshots. | K254: Complete controlled requirements, tasks and assistance. Labels, headings, errors, status changes and dialogs are announced meaningfully.
A255: I18N-01-EN | B255: Multilingual and RTL | C255: Sign in | D255: Development Team | E255: High | F255: English | G255: Desktop responsive baseline | H255: Translation files pass contract tests; representative controlled data exists. | I255: Open and complete the principal interaction on Sign in in English. | J255: Switch language; inspect headings, controls, validation, dynamic data and direction; navigate away/back; verify entered state and language persistence; capture missing keys or overflow. | K255: No untranslated key or blocking overflow; meaning remains consistent; Arabic uses correct RTL direction while numbers and technical values remain readable. | L255: Rendered with lang=en, dir=ltr, a visible localized heading, no unresolved translation key, no page error and no blocking horizontal overflow. | M255: EV-I18N-002 | N255: Pass | P255: 2.6 | R255: 46275 | U255: Evaluated deployed multilingual/RTL output case.
A256: I18N-01-FR | B256: Multilingual and RTL | C256: Sign in | D256: Development Team | E256: High | F256: French | G256: Desktop responsive baseline | H256: Translation files pass contract tests; representative controlled data exists. | I256: Open and complete the principal interaction on Sign in in French. | J256: Switch language; inspect headings, controls, validation, dynamic data and direction; navigate away/back; verify entered state and language persistence; capture missing keys or overflow. | K256: No untranslated key or blocking overflow; meaning remains consistent; Arabic uses correct RTL direction while numbers and technical values remain readable. | L256: Rendered with lang=fr, dir=ltr, a visible localized heading, no unresolved translation key, no page error and no blocking horizontal overflow. | M256: EV-I18N-002 | N256: Pass | P256: 1.9 | R256: 46275 | U256: Evaluated deployed multilingual/RTL output case.
A257: I18N-01-AR | B257: Multilingual and RTL | C257: Sign in | D257: Development Team | E257: High | F257: Arabic | G257: Desktop responsive baseline | H257: Translation files pass contract tests; representative controlled data exists. | I257: Open and complete the principal interaction on Sign in in Arabic. | J257: Switch language; inspect headings, controls, validation, dynamic data and direction; navigate away/back; verify entered state and language persistence; capture missing keys or overflow. | K257: No untranslated key or blocking overflow; meaning remains consistent; Arabic uses correct RTL direction while numbers and technical values remain readable. | L257: Rendered with lang=ar, dir=rtl, a visible localized heading, no unresolved translation key, no page error and no blocking horizontal overflow. | M257: EV-I18N-002 | N257: Pass | P257: 1.8 | R257: 46275 | U257: Evaluated deployed multilingual/RTL output case.
A258: I18N-02-EN | B258: Multilingual and RTL | C258: Candidate profile | D258: Development Team | E258: High | F258: English | G258: Desktop responsive baseline | H258: Translation files pass contract tests; representative controlled data exists. | I258: Open and complete the principal interaction on Candidate profile in English. | J258: Switch language; inspect headings, controls, validation, dynamic data and direction; navigate away/back; verify entered state and language persistence; capture missing keys or overflow. | K258: No untranslated key or blocking overflow; meaning remains consistent; Arabic uses correct RTL direction while numbers and technical values remain readable. | L258: Rendered with lang=en, dir=ltr, a visible localized heading, no unresolved translation key, no page error and no blocking horizontal overflow. | M258: EV-I18N-002 | N258: Pass | P258: 1.8 | R258: 46275 | U258: Evaluated deployed multilingual/RTL output case.
A259: I18N-02-FR | B259: Multilingual and RTL | C259: Candidate profile | D259: Development Team | E259: High | F259: French | G259: Desktop responsive baseline | H259: Translation files pass contract tests; representative controlled data exists. | I259: Open and complete the principal interaction on Candidate profile in French. | J259: Switch language; inspect headings, controls, validation, dynamic data and direction; navigate away/back; verify entered state and language persistence; capture missing keys or overflow. | K259: No untranslated key or blocking overflow; meaning remains consistent; Arabic uses correct RTL direction while numbers and technical values remain readable. | L259: Rendered with lang=fr, dir=ltr, a visible localized heading, no unresolved translation key, no page error and no blocking horizontal overflow. | M259: EV-I18N-002 | N259: Pass | P259: 1.4 | R259: 46275 | U259: Evaluated deployed multilingual/RTL output case.
A260: I18N-02-AR | B260: Multilingual and RTL | C260: Candidate profile | D260: Development Team | E260: High | F260: Arabic | G260: Desktop responsive baseline | H260: Translation files pass contract tests; representative controlled data exists. | I260: Open and complete the principal interaction on Candidate profile in Arabic. | J260: Switch language; inspect headings, controls, validation, dynamic data and direction; navigate away/back; verify entered state and language persistence; capture missing keys or overflow. | K260: No untranslated key or blocking overflow; meaning remains consistent; Arabic uses correct RTL direction while numbers and technical values remain readable. | L260: Rendered with lang=ar, dir=rtl, a visible localized heading, no unresolved translation key, no page error and no blocking horizontal overflow. | M260: EV-I18N-002 | N260: Pass | P260: 1.5 | R260: 46275 | U260: Evaluated deployed multilingual/RTL output case.
A261: I18N-03-EN | B261: Multilingual and RTL | C261: AI profile builder | D261: Development Team | E261: High | F261: English | G261: Desktop responsive baseline | H261: Translation files pass contract tests; representative controlled data exists. | I261: Open and complete the principal interaction on AI profile builder in English. | J261: Switch language; inspect headings, controls, validation, dynamic data and direction; navigate away/back; verify entered state and language persistence; capture missing keys or overflow. | K261: No untranslated key or blocking overflow; meaning remains consistent; Arabic uses correct RTL direction while numbers and technical values remain readable. | L261: Rendered with lang=en, dir=ltr, a visible localized heading, no unresolved translation key, no page error and no blocking horizontal overflow. | M261: EV-I18N-002 | N261: Pass | P261: 1.3 | R261: 46275 | U261: Evaluated deployed multilingual/RTL output case.
A262: I18N-03-FR | B262: Multilingual and RTL | C262: AI profile builder | D262: Development Team | E262: High | F262: French | G262: Desktop responsive baseline | H262: Translation files pass contract tests; representative controlled data exists. | I262: Open and complete the principal interaction on AI profile builder in French. | J262: Switch language; inspect headings, controls, validation, dynamic data and direction; navigate away/back; verify entered state and language persistence; capture missing keys or overflow. | K262: No untranslated key or blocking overflow; meaning remains consistent; Arabic uses correct RTL direction while numbers and technical values remain readable. | L262: Rendered with lang=fr, dir=ltr, a visible localized heading, no unresolved translation key, no page error and no blocking horizontal overflow. | M262: EV-I18N-002 | N262: Pass | P262: 2.5 | R262: 46275 | U262: Evaluated deployed multilingual/RTL output case.
A263: I18N-03-AR | B263: Multilingual and RTL | C263: AI profile builder | D263: Development Team | E263: High | F263: Arabic | G263: Desktop responsive baseline | H263: Translation files pass contract tests; representative controlled data exists. | I263: Open and complete the principal interaction on AI profile builder in Arabic. | J263: Switch language; inspect headings, controls, validation, dynamic data and direction; navigate away/back; verify entered state and language persistence; capture missing keys or overflow. | K263: No untranslated key or blocking overflow; meaning remains consistent; Arabic uses correct RTL direction while numbers and technical values remain readable. | L263: Rendered with lang=ar, dir=rtl, a visible localized heading, no unresolved translation key, no page error and no blocking horizontal overflow. | M263: EV-I18N-002 | N263: Pass | P263: 1.4 | R263: 46275 | U263: Evaluated deployed multilingual/RTL output case.
A264: I18N-04-EN | B264: Multilingual and RTL | C264: Job matching | D264: Development Team | E264: High | F264: English | G264: Desktop responsive baseline | H264: Translation files pass contract tests; representative controlled data exists. | I264: Open and complete the principal interaction on Job matching in English. | J264: Switch language; inspect headings, controls, validation, dynamic data and direction; navigate away/back; verify entered state and language persistence; capture missing keys or overflow. | K264: No untranslated key or blocking overflow; meaning remains consistent; Arabic uses correct RTL direction while numbers and technical values remain readable. | L264: Rendered with lang=en, dir=ltr, a visible localized heading, no unresolved translation key, no page error and no blocking horizontal overflow. | M264: EV-I18N-002 | N264: Pass | P264: 1.4 | R264: 46275 | U264: Evaluated deployed multilingual/RTL output case.
A265: I18N-04-FR | B265: Multilingual and RTL | C265: Job matching | D265: Development Team | E265: High | F265: French | G265: Desktop responsive baseline | H265: Translation files pass contract tests; representative controlled data exists. | I265: Open and complete the principal interaction on Job matching in French. | J265: Switch language; inspect headings, controls, validation, dynamic data and direction; navigate away/back; verify entered state and language persistence; capture missing keys or overflow. | K265: No untranslated key or blocking overflow; meaning remains consistent; Arabic uses correct RTL direction while numbers and technical values remain readable. | L265: Rendered with lang=fr, dir=ltr, a visible localized heading, no unresolved translation key, no page error and no blocking horizontal overflow. | M265: EV-I18N-002 | N265: Pass | P265: 1.7 | R265: 46275 | U265: Evaluated deployed multilingual/RTL output case.
A266: I18N-04-AR | B266: Multilingual and RTL | C266: Job matching | D266: Development Team | E266: High | F266: Arabic | G266: Desktop responsive baseline | H266: Translation files pass contract tests; representative controlled data exists. | I266: Open and complete the principal interaction on Job matching in Arabic. | J266: Switch language; inspect headings, controls, validation, dynamic data and direction; navigate away/back; verify entered state and language persistence; capture missing keys or overflow. | K266: No untranslated key or blocking overflow; meaning remains consistent; Arabic uses correct RTL direction while numbers and technical values remain readable. | L266: Rendered with lang=ar, dir=rtl, a visible localized heading, no unresolved translation key, no page error and no blocking horizontal overflow. | M266: EV-I18N-002 | N266: Pass | P266: 1.4 | R266: 46275 | U266: Evaluated deployed multilingual/RTL output case.
... A272: I18N-06-AR | B272: Multilingual and RTL | C272: Admin / verifier dashboard | D272: Development Team | E272: High | F272: Arabic | G272: Desktop responsive baseline | H272: Translation files pass contract tests; representative controlled data exists. | I272: Open and complete the principal interaction on Admin / verifier dashboard in Arabic. | J272: Switch language; inspect headings, controls, validation, dynamic data and direction; navigate away/back; verify entered state and language persistence; capture missing keys or overflow. | K272: No untranslated key or blocking overflow; meaning remains consistent; Arabic uses correct RTL direction while numbers and technical values remain readable. | L272: Rendered with lang=ar, dir=rtl, a visible localized heading, no unresolved translation key, no page error and no blocking horizontal overflow. | M272: EV-I18N-002 | N272: Pass | P272: 1.4 | R272: 46275 | U272: Evaluated deployed multilingual/RTL output case.
A273: DEV-01-WIN | B273: Browser and Device | C273: Candidate profile | D273: Development Team | E273: Critical | F273: Selected UI language recorded | G273: Windows laptop — Edge/Chrome | H273: Use deployed HTTPS staging; record device model, OS and browser version in Notes. | I273: Complete Candidate profile on Windows laptop — Edge/Chrome. | J273: Open a fresh session; complete the journey; rotate/resize where applicable; verify microphone and file picker where relevant; record completion, layout defects and screenshot. | K273: Critical controls remain visible and usable; saved data is correct; no device-specific blocker or insecure connection warning.
A274: DEV-01-AND | B274: Browser and Device | C274: Candidate profile | D274: Development Team | E274: Critical | F274: Selected UI language recorded | G274: Android phone — Chrome | H274: Use deployed HTTPS staging; record device model, OS and browser version in Notes. | I274: Complete Candidate profile on Android phone — Chrome. | J274: Open a fresh session; complete the journey; rotate/resize where applicable; verify microphone and file picker where relevant; record completion, layout defects and screenshot. | K274: Critical controls remain visible and usable; saved data is correct; no device-specific blocker or insecure connection warning.
A275: DEV-01-IOS | B275: Browser and Device | C275: Candidate profile | D275: Development Team | E275: Critical | F275: Selected UI language recorded | G275: iPhone/iPad — Safari | H275: Use deployed HTTPS staging; record device model, OS and browser version in Notes. | I275: Complete Candidate profile on iPhone/iPad — Safari. | J275: Open a fresh session; complete the journey; rotate/resize where applicable; verify microphone and file picker where relevant; record completion, layout defects and screenshot. | K275: Critical controls remain visible and usable; saved data is correct; no device-specific blocker or insecure connection warning.
A276: DEV-02-WIN | B276: Browser and Device | C276: AI suggestions | D276: Development Team | E276: High | F276: Selected UI language recorded | G276: Windows laptop — Edge/Chrome | H276: Use deployed HTTPS staging; record device model, OS and browser version in Notes. | I276: Complete AI suggestions on Windows laptop — Edge/Chrome. | J276: Open a fresh session; complete the journey; rotate/resize where applicable; verify microphone and file picker where relevant; record completion, layout defects and screenshot. | K276: Critical controls remain visible and usable; saved data is correct; no device-specific blocker or insecure connection warning.
A277: DEV-02-AND | B277: Browser and Device | C277: AI suggestions | D277: Development Team | E277: High | F277: Selected UI language recorded | G277: Android phone — Chrome | H277: Use deployed HTTPS staging; record device model, OS and browser version in Notes. | I277: Complete AI suggestions on Android phone — Chrome. | J277: Open a fresh session; complete the journey; rotate/resize where applicable; verify microphone and file picker where relevant; record completion, layout defects and screenshot. | K277: Critical controls remain visible and usable; saved data is correct; no device-specific blocker or insecure connection warning.
A278: DEV-02-IOS | B278: Browser and Device | C278: AI suggestions | D278: Development Team | E278: High | F278: Selected UI language recorded | G278: iPhone/iPad — Safari | H278: Use deployed HTTPS staging; record device model, OS and browser version in Notes. | I278: Complete AI suggestions on iPhone/iPad — Safari. | J278: Open a fresh session; complete the journey; rotate/resize where applicable; verify microphone and file picker where relevant; record completion, layout defects and screenshot. | K278: Critical controls remain visible and usable; saved data is correct; no device-specific blocker or insecure connection warning.
A279: DEV-03-WIN | B279: Browser and Device | C279: Matching and application | D279: Development Team | E279: Critical | F279: Selected UI language recorded | G279: Windows laptop — Edge/Chrome | H279: Use deployed HTTPS staging; record device model, OS and browser version in Notes. | I279: Complete Matching and application on Windows laptop — Edge/Chrome. | J279: Open a fresh session; complete the journey; rotate/resize where applicable; verify microphone and file picker where relevant; record completion, layout defects and screenshot. | K279: Critical controls remain visible and usable; saved data is correct; no device-specific blocker or insecure connection warning.
A280: DEV-03-AND | B280: Browser and Device | C280: Matching and application | D280: Development Team | E280: Critical | F280: Selected UI language recorded | G280: Android phone — Chrome | H280: Use deployed HTTPS staging; record device model, OS and browser version in Notes. | I280: Complete Matching and application on Android phone — Chrome. | J280: Open a fresh session; complete the journey; rotate/resize where applicable; verify microphone and file picker where relevant; record completion, layout defects and screenshot. | K280: Critical controls remain visible and usable; saved data is correct; no device-specific blocker or insecure connection warning.
A281: DEV-03-IOS | B281: Browser and Device | C281: Matching and application | D281: Development Team | E281: Critical | F281: Selected UI language recorded | G281: iPhone/iPad — Safari | H281: Use deployed HTTPS staging; record device model, OS and browser version in Notes. | I281: Complete Matching and application on iPhone/iPad — Safari. | J281: Open a fresh session; complete the journey; rotate/resize where applicable; verify microphone and file picker where relevant; record completion, layout defects and screenshot. | K281: Critical controls remain visible and usable; saved data is correct; no device-specific blocker or insecure connection warning.
A282: DEV-04-WIN | B282: Browser and Device | C282: Employer opportunity creation | D282: Development Team | E282: High | F282: Selected UI language recorded | G282: Windows laptop — Edge/Chrome | H282: Use deployed HTTPS staging; record device model, OS and browser version in Notes. | I282: Complete Employer opportunity creation on Windows laptop — Edge/Chrome. | J282: Open a fresh session; complete the journey; rotate/resize where applicable; verify microphone and file picker where relevant; record completion, layout defects and screenshot. | K282: Critical controls remain visible and usable; saved data is correct; no device-specific blocker or insecure connection warning.
A283: DEV-04-AND | B283: Browser and Device | C283: Employer opportunity creation | D283: Development Team | E283: High | F283: Selected UI language recorded | G283: Android phone — Chrome | H283: Use deployed HTTPS staging; record device model, OS and browser version in Notes. | I283: Complete Employer opportunity creation on Android phone — Chrome. | J283: Open a fresh session; complete the journey; rotate/resize where applicable; verify microphone and file picker where relevant; record completion, layout defects and screenshot. | K283: Critical controls remain visible and usable; saved data is correct; no device-specific blocker or insecure connection warning.
A284: DEV-04-IOS | B284: Browser and Device | C284: Employer opportunity creation | D284: Development Team | E284: High | F284: Selected UI language recorded | G284: iPhone/iPad — Safari | H284: Use deployed HTTPS staging; record device model, OS and browser version in Notes. | I284: Complete Employer opportunity creation on iPhone/iPad — Safari. | J284: Open a fresh session; complete the journey; rotate/resize where applicable; verify microphone and file picker where relevant; record completion, layout defects and screenshot. | K284: Critical controls remain visible and usable; saved data is correct; no device-specific blocker or insecure connection warning.
A285: PERF-01-L1 | B285: Performance and Reliability | C285: Sign in | D285: Development Team | E285: High | F285: N/A | G285: 1 user / normal network | H285: Staging services healthy; test data isolated; timer and server logs available. | I285: Measure Sign in under 1 user / normal network. | J285: Run the prepared operation with the stated load; record successes, failures, p50/p95 where multiple requests are used, 5xx responses and recovery behaviour; verify final data integrity. | K285: Successful authenticated session. Non-AI p95 <1 s, scoring p95 <2 s, voice p95 <10 s, AI suggestions p95 <30 s where applicable; <1% 5xx. | L285: 3/3 requests returned successfully with 0 server errors; p50=3196.8 ms and p95=3306.4 ms versus the 1500 ms target. | M285: EV-PERF-001, EV-PERF-002 | N285: Fail | Q285: 3306.4 | R285: 46275 | U285: Correct HTTP outputs were returned; status reflects latency only.
A286: PERF-01-L5 | B286: Performance and Reliability | C286: Sign in | D286: Development Team | E286: High | F286: N/A | G286: 5 concurrent users or requests | H286: Staging services healthy; test data isolated; timer and server logs available. | I286: Measure Sign in under 5 concurrent users or requests. | J286: Run the prepared operation with the stated load; record successes, failures, p50/p95 where multiple requests are used, 5xx responses and recovery behaviour; verify final data integrity. | K286: Successful authenticated session. Non-AI p95 <1 s, scoring p95 <2 s, voice p95 <10 s, AI suggestions p95 <30 s where applicable; <1% 5xx. | L286: 15/15 requests returned successfully with 0 server errors; p50=15601.1 ms and p95=16098.3 ms versus the 3000 ms target. | M286: EV-PERF-001, EV-PERF-002 | N286: Fail | Q286: 16098.3 | R286: 46275 | U286: Correct HTTP outputs were returned; status reflects latency only.
A287: PERF-01-L10 | B287: Performance and Reliability | C287: Sign in | D287: Development Team | E287: High | F287: N/A | G287: 10 concurrent users or throttled network | H287: Staging services healthy; test data isolated; timer and server logs available. | I287: Measure Sign in under 10 concurrent users or throttled network. | J287: Run the prepared operation with the stated load; record successes, failures, p50/p95 where multiple requests are used, 5xx responses and recovery behaviour; verify final data integrity. | K287: Successful authenticated session. Non-AI p95 <1 s, scoring p95 <2 s, voice p95 <10 s, AI suggestions p95 <30 s where applicable; <1% 5xx. | L287: 30/30 requests returned successfully with 0 server errors; p50=27297.5 ms and p95=32688.8 ms versus the 5000 ms target. | M287: EV-PERF-001, EV-PERF-002 | N287: Fail | Q287: 32688.8 | R287: 46275 | U287: Correct HTTP outputs were returned; status reflects latency only.
A288: PERF-02-L1 | B288: Performance and Reliability | C288: Load candidate profile | D288: Development Team | E288: High | F288: N/A | G288: 1 user / normal network | H288: Staging services healthy; test data isolated; timer and server logs available. | I288: Measure Load candidate profile under 1 user / normal network. | J288: Run the prepared operation with the stated load; record successes, failures, p50/p95 where multiple requests are used, 5xx responses and recovery behaviour; verify final data integrity. | K288: Profile JSON and UI load correctly. Non-AI p95 <1 s, scoring p95 <2 s, voice p95 <10 s, AI suggestions p95 <30 s where applicable; <1% 5xx. | L288: 3/3 requests returned successfully with 0 server errors; p50=210.2 ms and p95=213.2 ms versus the 1500 ms target. | M288: EV-PERF-001, EV-PERF-002 | N288: Pass | Q288: 213.2 | R288: 46275 | U288: Correct HTTP outputs were returned; status reflects latency only.
A289: PERF-02-L5 | B289: Performance and Reliability | C289: Load candidate profile | D289: Development Team | E289: High | F289: N/A | G289: 5 concurrent users or requests | H289: Staging services healthy; test data isolated; timer and server logs available. | I289: Measure Load candidate profile under 5 concurrent users or requests. | J289: Run the prepared operation with the stated load; record successes, failures, p50/p95 where multiple requests are used, 5xx responses and recovery behaviour; verify final data integrity. | K289: Profile JSON and UI load correctly. Non-AI p95 <1 s, scoring p95 <2 s, voice p95 <10 s, AI suggestions p95 <30 s where applicable; <1% 5xx. | L289: 15/15 requests returned successfully with 0 server errors; p50=702 ms and p95=809.1 ms versus the 3000 ms target. | M289: EV-PERF-001, EV-PERF-002 | N289: Pass | Q289: 809.1 | R289: 46275 | U289: Correct HTTP outputs were returned; status reflects latency only.
A290: PERF-02-L10 | B290: Performance and Reliability | C290: Load candidate profile | D290: Development Team | E290: High | F290: N/A | G290: 10 concurrent users or throttled network | H290: Staging services healthy; test data isolated; timer and server logs available. | I290: Measure Load candidate profile under 10 concurrent users or throttled network. | J290: Run the prepared operation with the stated load; record successes, failures, p50/p95 where multiple requests are used, 5xx responses and recovery behaviour; verify final data integrity. | K290: Profile JSON and UI load correctly. Non-AI p95 <1 s, scoring p95 <2 s, voice p95 <10 s, AI suggestions p95 <30 s where applicable; <1% 5xx. | L290: 30/30 requests returned successfully with 0 server errors; p50=1381.1 ms and p95=1601.7 ms versus the 5000 ms target. | M290: EV-PERF-001, EV-PERF-002 | N290: Pass | Q290: 1601.7 | R290: 46275 | U290: Correct HTTP outputs were returned; status reflects latency only.
A291: PERF-03-L1 | B291: Performance and Reliability | C291: Save candidate profile | D291: Development Team | E291: High | F291: N/A | G291: 1 user / normal network | H291: Staging services healthy; test data isolated; timer and server logs available. | I291: Measure Save candidate profile under 1 user / normal network. | J291: Run the prepared operation with the stated load; record successes, failures, p50/p95 where multiple requests are used, 5xx responses and recovery behaviour; verify final data integrity. | K291: One validated update persists. Non-AI p95 <1 s, scoring p95 <2 s, voice p95 <10 s, AI suggestions p95 <30 s where applicable; <1% 5xx. | L291: 3/3 requests returned successfully, with 0 server errors; p50=200.7 ms and p95=260.8 ms versus the 1000 ms target. | M291: EV-PERF-003 | N291: Pass | Q291: 260.8 | R291: 46275 | U291: Synthetic candidate data was reset after the test. Failures reflect observed 5xx responses or threshold overruns.
A292: PERF-03-L5 | B292: Performance and Reliability | C292: Save candidate profile | D292: Development Team | E292: High | F292: N/A | G292: 5 concurrent users or requests | H292: Staging services healthy; test data isolated; timer and server logs available. | I292: Measure Save candidate profile under 5 concurrent users or requests. | J292: Run the prepared operation with the stated load; record successes, failures, p50/p95 where multiple requests are used, 5xx responses and recovery behaviour; verify final data integrity. | K292: One validated update persists. Non-AI p95 <1 s, scoring p95 <2 s, voice p95 <10 s, AI suggestions p95 <30 s where applicable; <1% 5xx. | L292: 8/15 requests returned successfully, with 7 server errors; p50=800.9 ms and p95=2635.9 ms versus the 3000 ms target. | M292: EV-PERF-003 | N292: Fail | Q292: 2635.9 | R292: 46275 | U292: Synthetic candidate data was reset after the test. Failures reflect observed 5xx responses or threshold overruns.
A293: PERF-03-L10 | B293: Performance and Reliability | C293: Save candidate profile | D293: Development Team | E293: High | F293: N/A | G293: 10 concurrent users or throttled network | H293: Staging services healthy; test data isolated; timer and server logs available. | I293: Measure Save candidate profile under 10 concurrent users or throttled network. | J293: Run the prepared operation with the stated load; record successes, failures, p50/p95 where multiple requests are used, 5xx responses and recovery behaviour; verify final data integrity. | K293: One validated update persists. Non-AI p95 <1 s, scoring p95 <2 s, voice p95 <10 s, AI suggestions p95 <30 s where applicable; <1% 5xx. | L293: 12/30 requests returned successfully, with 18 server errors; p50=2261.2 ms and p95=3624 ms versus the 5000 ms target. | M293: EV-PERF-003 | N293: Fail | Q293: 3624 | R293: 46275 | U293: Synthetic candidate data was reset after the test. Failures reflect observed 5xx responses or threshold overruns.
...

Sheet Metrics
A1: Accuracy and Performance Metrics
A2: Enter aggregate counts after completing the corresponding Master Register rows
A4: AI PROFILE METRICS
A5: Language | B5: Text quality | C5: TP | D5: FP | E5: FN | F5: Precision | G5: Recall | H5: F1 | I5: False disability inference | J5: Invented task
A6: English | B6: Clean text | F6: =IFERROR(C6/(C6+D6),0) | G6: =IFERROR(C6/(C6+E6),0) | H6: =IFERROR(2*F6*G6/(F6+G6),0)
A7: English | B7: Imperfect transcript | F7: =IFERROR(C7/(C7+D7),0) | G7: =IFERROR(C7/(C7+E7),0) | H7: =IFERROR(2*F7*G7/(F7+G7),0)
A8: French | B8: Clean text | F8: =IFERROR(C8/(C8+D8),0) | G8: =IFERROR(C8/(C8+E8),0) | H8: =IFERROR(2*F8*G8/(F8+G8),0)
A9: French | B9: Imperfect transcript | F9: =IFERROR(C9/(C9+D9),0) | G9: =IFERROR(C9/(C9+E9),0) | H9: =IFERROR(2*F9*G9/(F9+G9),0)
A10: Arabic | B10: Clean text | F10: =IFERROR(C10/(C10+D10),0) | G10: =IFERROR(C10/(C10+E10),0) | H10: =IFERROR(2*F10*G10/(F10+G10),0)
A11: Arabic | B11: Imperfect transcript | F11: =IFERROR(C11/(C11+D11),0) | G11: =IFERROR(C11/(C11+E11),0) | H11: =IFERROR(2*F11*G11/(F11+G11),0)
A14: VOICE METRICS
A15: Language | B15: Request type | C15: Executed | D15: Transcript correct | E15: Classification correct | F15: Final action correct | G15: Unauthorized actions | H15: Average ms | I15: p95 ms | J15: Notes
A16: English | B16: Navigation
A17: English | B17: Interface action
A18: English | B18: Page question
A19: English | B19: Confirmation / rejected
A20: French | B20: Navigation
A21: French | B21: Interface action
A22: French | B22: Page question
A23: French | B23: Confirmation / rejected
A24: Arabic | B24: Navigation
A25: Arabic | B25: Interface action
A26: Arabic | B26: Page question
A27: Arabic | B27: Confirmation / rejected
A30: PERFORMANCE METRICS
A31: Operation | B31: Load | C31: Runs | D31: Successful | E31: Failed | F31: Success rate | G31: p50 ms | H31: p95 ms | I31: 5xx | J31: Notes
A32: Sign in | B32: 1 user | F32: =IFERROR(D32/C32,0)
A33: Sign in | B33: 5 concurrent | F33: =IFERROR(D33/C33,0)
A34: Sign in | B34: 10 concurrent / throttled | F34: =IFERROR(D34/C34,0)
A35: Load profile | B35: 1 user | F35: =IFERROR(D35/C35,0)
A36: Load profile | B36: 5 concurrent | F36: =IFERROR(D36/C36,0)
A37: Load profile | B37: 10 concurrent / throttled | F37: =IFERROR(D37/C37,0)
A38: Save profile | B38: 1 user | F38: =IFERROR(D38/C38,0)
A39: Save profile | B39: 5 concurrent | F39: =IFERROR(D39/C39,0)
A40: Save profile | B40: 10 concurrent / throttled | F40: =IFERROR(D40/C40,0)
A41: AI suggestions | B41: 1 user | F41: =IFERROR(D41/C41,0)
A42: AI suggestions | B42: 5 concurrent | F42: =IFERROR(D42/C42,0)
A43: AI suggestions | B43: 10 concurrent / throttled | F43: =IFERROR(D43/C43,0)
... A58: Submit application | B58: 10 concurrent / throttled | F58: =IFERROR(D58/C58,0)

Sheet Defects
A1: Defect ID | B1: Related Test ID | C1: Area | D1: Summary | E1: Severity | F1: Reproduction | G1: Expected | H1: Actual | I1: Root Cause | J1: Correction | K1: Owner | L1: Status | M1: Opened Date | N1: Retest Test ID | O1: Closed Date | P1: Evidence Reference
A2: DEF-001 | B2: ACC-02-ZM | C2: Accessibility | D2: Candidate profile helper text has insufficient color contrast | E2: High | F2: Open the candidate profile at any audited viewport and run the WCAG 2.1 A/AA axe scan. | G2: Normal-size helper text meets at least the WCAG AA 4.5:1 contrast ratio. | H2: Four candidate-profile text elements measured between 4.16:1 and 4.45:1; axe reported color-contrast as serious. | I2: Muted text colors are too light against the profile backgrounds. | J2: Pending: darken the affected muted text tokens and rerun the deployed audit. | K2: Development Team | L2: Open | M2: 46275 | P2: EV-ACC-001
A3: DEF-002 | B3: ACC-02-ZM | C3: Accessibility | D3: Candidate profile header overflows in the automated 200% zoom scenario | E3: High | F3: Open /candidate or /candidate/setup at the 640 px audit viewport and apply 200% CSS zoom. | G3: Essential profile content reflows without horizontal scrolling. | H3: Document width increased from 640 px to 832 px because the header tools/language control did not reflow. | I3: The candidate profile header tools retain a non-wrapping width at high zoom. | J3: Pending manual browser-zoom confirmation, then responsive header correction and retest. | K3: Development Team | L3: Open | M3: 46275 | P3: EV-ACC-001
A4: DEF-003 | B4: SEC-12 | C4: Security and Privacy | D4: Oversized multipart request creates an application after PHP drops the file | E4: High | F4: Submit a 10 MB + 1 byte application document to the deployed candidate application endpoint. | G4: The request is rejected before persistence because it exceeds the documented 10 MB limit. | H4: PHP post_max_size is 8 MB, emits a startup warning and drops the multipart fields; the controller then creates an application without the rejected document and returns a success body. | I4: The runtime post_max_size is lower than the application limit, and the controller does not reject an empty multipart body caused by request-size truncation. | J4: Pending: align PHP request limits above 10 MB and reject truncated/oversized requests before creating an application. | K4: Development Team | L4: Open | M4: 46275 | P4: EV-SEC-002
A5: DEF-004 | B5: AI-EN-C08, AI-EN-I01, AI-EN-I08, AI-FR-C01, AI-FR-C08, AI-FR-I01, AI-FR-I08 | C5: AI Profile Suggestions | D5: AI intermittently omits the explicit work-and-training opportunity preference | E5: High | F5: Submit clean and imperfect English or French narratives that explicitly request both paid work and hospitality training. | G5: The structured opportunityPreference is always returned as both when the candidate explicitly requests both. | H5: Seven of sixty gold-standard cases omitted the both preference; other expected structured fields remained available. | I5: The generative extraction path does not deterministically normalize every explicit both-work-and-training phrase. | J5: Pending: add deterministic post-processing for explicit both phrases in all supported languages and rerun the 60-case matrix. | K5: Development Team | L5: Open | M5: 46275 | P5: EV-AI-002
A6: DEF-005 | B6: PERF-08-L10, PERF-09-L1, PERF-09-L5, PERF-09-L10 | C6: Performance and Reliability | D6: Write-operation p95 exceeds the one-second staging target | E6: Medium | F6: Publish or submit unique valid records for three rounds at concurrency 1, 5 and 10. | G6: Each valid non-AI operation completes with p95 below one second and fewer than one percent 5xx responses. | H6: All 96 writes succeeded with zero 5xx responses, but publish L10 measured 1476.6 ms and application L1/L5/L10 measured 1216.6/4825.7/10685.9 ms p95. | I6: The synchronous application path includes scoring and persistence work; concurrent writes queue on the small free staging service/database. | J6: Pending: profile the application transaction and scoring call, optimize database writes, then rerun on the intended staging capacity. | K6: Development Team | L6: Open | M6: 46275 | P6: EV-PERF-005
A7: DEF-006
A8: DEF-007
A9: DEF-008
A10: DEF-009
A11: DEF-010
A12: DEF-011
A13: DEF-012
A14: DEF-013
A15: DEF-014
A16: DEF-015
A17: DEF-016
A18: DEF-017
... A31: DEF-030

Sheet Evidence Index
A1: Evidence ID | B1: Related Test ID(s) | C1: Evidence Type | D1: File Path / URL | E1: Description | F1: Captured Date | G1: Owner | H1: Verified | I1: Notes
A2: EV-I18N-001 | B2: I18N-01-EN, I18N-01-FR, I18N-01-AR | C2: JSON report | D2: docs/testing/staging-2026-09-10/i18n-results.json | E2: Translation contract and deployed language, direction, persistence, reflow and voice-language synchronization checks. | F2: 46275 | G2: Development Team | H2: Yes | I2: Only the three sign-in language rows are scored in this first batch.
A3: EV-MATCH-001 | B3: ME-01-1 through ME-15-3 | C3: JSON report | D3: docs/testing/staging-2026-09-10/matching-quality-results.json | E3: 45 deployed matching cases across 15 roles and three synthetic candidate conditions; independent formula oracle and repeated determinism check. | F3: 46275 | G3: Development Team | H3: Yes | I3: 45/45 passed after three disposable requirement/support fixtures supplied the missing scenario preconditions; all fixtures were deleted afterward.
A4: EV-AI-001 | B4: Historical AI service recovery evidence | C4: JSON report | D4: docs/testing/staging-2026-09-10/profile-ai/ai-service-probe.json | E4: Historical AI availability probe retained to document the transient 503 condition before the service recovered. | F4: 46275 | G4: Development Team | H4: Yes | I4: Superseded by EV-AI-002 after a successful service recovery check and complete 60-case execution.
A5: EV-SEC-001 | B5: Supporting prerequisite evidence | C5: Terminal log | D5: docs/testing/staging-2026-09-10/security-route-audit.txt | E5: 51 anonymous, forged-token, cross-role, valid-role and public-route authorization checks against the deployed API. | F5: 46275 | G5: Development Team | H5: Yes | I5: 51/51 passed. Kept separate from output-quality percentages as requested.
A6: EV-I18N-002 | B6: I18N-01-EN through I18N-06-AR | C6: JSON report | D6: docs/testing/staging-2026-09-10/i18n-quality-results.json | E6: 18 deployed multilingual/RTL output cases across six screens and three interface languages. | F6: 46275 | G6: Development Team | H6: Yes | I6: 18/18 passed.
A7: EV-PERF-001 | B7: PERF-01, PERF-02 and PERF-07 groups | C7: JSON report | D7: docs/testing/staging-2026-09-10/safe-load-results.json | E7: Non-destructive API measurements at concurrency levels 1, 5 and 10; three rounds per level. | F7: 46275 | G7: Development Team | H7: Yes | I7: All requests returned correctly with zero 5xx responses; several cases exceeded the latency thresholds.
A8: EV-PERF-002 | B8: PERF-07-L1 and deployed page/API baseline | C8: JSON report | D8: docs/testing/staging-2026-09-10/performance-results.json | E8: Five-sample deployed API and page timing baseline plus production bundle-size checks. | F8: 46275 | G8: Development Team | H8: Yes | I8: Public jobs API p95 exceeded the 1000 ms project target; other measured APIs, pages and bundles met their budgets.
A9: EV-PERF-003 | B9: PERF-03-L1 through PERF-03-L10; PERF-06-L1 through PERF-06-L10 | C9: JSON report | D9: docs/testing/staging-2026-09-10/stateful-load-results.json | E9: Idempotent candidate-profile save and deterministic matching measurements at concurrency levels 1, 5 and 10. | F9: 46275 | G9: Development Team | H9: Yes | I9: Synthetic candidate data was reset. Concurrent saves produced 5xx errors at loads 5 and 10; matching load 10 exceeded its latency threshold.
A10: EV-SEC-002 | B10: SEC-01 through SEC-20 | C10: JSON report | D10: docs/testing/staging-2026-09-10/security-quality-results.json | E10: Twenty deployed negative security/privacy scenarios covering JWT validation, role isolation, object/document access, input and upload validation, duplicate applications, consent, controlled IDs, voice authorization and profile reset. | F10: 46275 | G10: Development Team | H10: Yes | I10: 18 passed, 1 failed and 1 blocked. Synthetic application/profile data was cleaned after execution.
A11: EV-ACC-001 | B11: Supporting accessibility evidence | C11: JSON report | D11: docs/testing/staging-2026-09-10/wcag-deployed-results.json | E11: Automated WCAG 2.1 A/AA, responsive reflow, text-spacing, keyboard-tab and browser-error evidence across 13 deployed routes and eight layouts, with 104 screenshots. | F11: 46275 | G11: Development Team | H11: Yes | I11: 104 scenarios; 0 scan errors, 16 scenarios with axe findings and 2 with horizontal overflow. Automated evidence does not replace manual journey or screen-reader testing.
A12: EV-AI-002 | B12: AI-EN-C01 through AI-AR-I10 | C12: JSON report | D12: docs/testing/staging-2026-09-10/profile-ai/ai-quality-matrix-results.json | E12: Sixty gold-standard clean and imperfect profile narratives across English, French and Arabic, evaluated against structured field, ability, preference, disability, position, task and safety expectations. | F12: 46275 | G12: Development Team | H12: Yes | I12: 53/60 passed, 7 failed and 0 blocked; no suggestion was persisted during the matrix.
A13: EV-AI-003 | B13: WF-CAN-03 representative browser confirmation | C13: Screenshots and JSON report | D13: docs/testing/staging-2026-09-10/profile-ai/screenshots-en-confirmed/ | E13: Representative deployed browser journey showing consent, editable structured suggestions, confirmation and saved-profile verification. | F13: 46275 | G13: Development Team | H13: Yes | I13: The synthetic candidate profile was reset after verification.
... A17: EV-PERF-005 | B17: PERF-08-L1 through PERF-09-L10 | C17: JSON report | D17: docs/testing/staging-2026-09-10/mutation-performance-results.json | E17: Opportunity publishing and application submission at concurrency 1, 5 and 10, with three rounds and a unique disposable record per request. | F17: 46275 | G17: Development Team | H17: Yes | I17: 96/96 mutations returned the correct HTTP 201 output with zero 5xx responses; two publish cases met latency and four cases exceeded the one-second target. All applications, jobs and profile data were removed.
A18: EV-017
A19: EV-018
A20: EV-019
A21: EV-020
A22: EV-021
A23: EV-022
A24: EV-023
A25: EV-024
A26: EV-025
A27: EV-026
A28: EV-027
A29: EV-028
... A51: EV-050

Sheet Lists
A1: Status | B1: Retest | C1: Severity | D1: Priority | E1: Owner | F1: Defect status | G1: Evidence type
A2: Pass | B2: Pass | C2: Critical | D2: Critical | E2: Development Team | F2: Open | G2: Screenshot
A3: Fail | B3: Fail | C3: High | D3: High | F3: In Progress | G3: Video
A4: Partial | B4: Blocked | C4: Medium | D4: Medium | F4: Ready for Retest | G4: Terminal log
A5: Blocked | B5: Not Retested | C5: Low | D5: Low | F5: Closed | G5: JSON report
A6: Not Run | C6: N/A | F6: Accepted Risk | G6: CSV
G7: Accessibility notes
G8: Other
